title;link;published;language;redirect;redirectLink;articleImage;articleBody;summary
ë‰´ì§„ìŠ¤ 'ë””í† ', ìŠ¤í¬í‹°íŒŒì´ 4ì–µ ìŠ¤íŠ¸ë¦¬ë° ëŒíŒŒ - KBSë‰´ìŠ¤;https://news.google.com/rss/articles/CBMiL2h0dHBzOi8vbmV3cy5rYnMuY28ua3IvbmV3cy92aWV3LmRvP25jZD03NzM0MDk20gEA?oc=5;2023-07-27 00:22:00;0;True;https://news.kbs.co.kr/news/view.do?ncd=7734096;/resources/images/common/noimg_633_355.png;ë‰´ì§„ìŠ¤ â€˜ë””í† â€™, ìŠ¤í¬í‹°íŒŒì´ 4ì–µ ìŠ¤íŠ¸ë¦¬ë° ëŒíŒŒ ì…ë ¥ 2023.07.27 (09:22) ì—°í•©ë‰´ìŠ¤ ëŒ“ê¸€ ì¢‹ì•„ìš” ê³µìœ í•˜ê¸° ì¸ì‡„í•˜ê¸° ê¸€ì”¨ í¬ê²Œë³´ê¸° ê°€ ê¸€ì”¨ ì‘ê²Œë³´ê¸° ê³ í™”ì§ˆ í‘œì¤€í™”ì§ˆ ìë™ì¬ìƒ í‚¤ë³´ë“œ ì»¨íŠ¸ë¡¤ ì•ˆë‚´ ë™ì˜ìƒì˜ì—­ ì‹œì‘ ë™ì˜ìƒ ì‹œì‘ ë™ì˜ìƒì˜ì—­ ë ë™ì˜ìƒì„¤ëª… ë™ì˜ìƒ ê³ ì • ì·¨ì†Œ ê·¸ë£¹ ë‰´ì§„ìŠ¤ì˜ 'ë””í† '(Ditto)ê°€ ì„¸ê³„ ìµœëŒ€ ìŒì› ìŠ¤íŠ¸ë¦¬ë° í”Œë«í¼ ìŠ¤í¬í‹°íŒŒì´ì—ì„œ 4ì–µ ìŠ¤íŠ¸ë¦¬ë°ì„ ëŒíŒŒí–ˆë‹¤ê³  ì†Œì†ì‚¬ ì–´ë„ì–´ê°€ 27ì¼ ë°í˜”ë‹¤. 'ë””í† 'ëŠ” ì§€ë‚œ 25ì¼(í˜„ì§€ ì‹œê°„) ê¸°ì¤€ 4ì–µ73ë§Œ4ì²œ219íšŒ ì¬ìƒë˜ë©° 'OMG'ì— ì´ì–´ ê·¸ë£¹ í†µì‚° ë‘ ë²ˆì§¸ 4ì–µ ìŠ¤íŠ¸ë¦¬ë° ê³¡ì´ ëë‹¤. ì´ëŠ” ìŒì› ê³µê°œ í›„ 218ì¼ ë§Œì˜ ê¸°ë¡ì´ë‹¤. ë‰´ì§„ìŠ¤ì˜ ì‹±ê¸€ ì•¨ë²” 'OMG' ìˆ˜ë¡ê³¡ì¸ 'ë””í† 'ëŠ” ì§€ë‚œí•´ ë°œë§¤ í›„ í•œ ë‹¬ì—¬ ë§Œ(33ì¼)ì— ìŠ¤í¬í‹°íŒŒì´ 1ì–µ ìŠ¤íŠ¸ë¦¬ë°ì„ ëŒíŒŒí–ˆìœ¼ë©°, í•´ì™¸ ì—¬ì„± ì•„í‹°ìŠ¤íŠ¸ë¡œëŠ” ê°€ì¥ ë¹ ë¥¸ ì†ë„ë¡œ ì¼ë³¸ ì˜¤ë¦¬ì½˜ ëˆ„ì  ìŠ¤íŠ¸ë¦¬ë° 1ì–µ íšŒë¥¼ ë„˜ì–´ì„œê¸°ë„ í–ˆë‹¤. [ì‚¬ì§„ ì¶œì²˜ : ì—°í•©ë‰´ìŠ¤] ë‰´ì§„ìŠ¤ â€˜ë””í† â€™, ìŠ¤í¬í‹°íŒŒì´ 4ì–µ ìŠ¤íŠ¸ë¦¬ë° ëŒíŒŒ ì…ë ¥ 2023-07-27 09:22:49 ì—°í•©ë‰´ìŠ¤ ê·¸ë£¹ ë‰´ì§„ìŠ¤ì˜ 'ë””í† '(Ditto)ê°€ ì„¸ê³„ ìµœëŒ€ ìŒì› ìŠ¤íŠ¸ë¦¬ë° í”Œë«í¼ ìŠ¤í¬í‹°íŒŒì´ì—ì„œ 4ì–µ ìŠ¤íŠ¸ë¦¬ë°ì„ ëŒíŒŒí–ˆë‹¤ê³  ì†Œì†ì‚¬ ì–´ë„ì–´ê°€ 27ì¼ ë°í˜”ë‹¤. 'ë””í† 'ëŠ” ì§€ë‚œ 25ì¼(í˜„ì§€ ì‹œê°„) ê¸°ì¤€ 4ì–µ73ë§Œ4ì²œ219íšŒ ì¬ìƒë˜ë©° 'OMG'ì— ì´ì–´ ê·¸ë£¹ í†µì‚° ë‘ ë²ˆì§¸ 4ì–µ ìŠ¤íŠ¸ë¦¬ë° ê³¡ì´ ëë‹¤. ì´ëŠ” ìŒì› ê³µê°œ í›„ 218ì¼ ë§Œì˜ ê¸°ë¡ì´ë‹¤. ë‰´ì§„ìŠ¤ì˜ ì‹±ê¸€ ì•¨ë²” 'OMG' ìˆ˜ë¡ê³¡ì¸ 'ë””í† 'ëŠ” ì§€ë‚œí•´ ë°œë§¤ í›„ í•œ ë‹¬ì—¬ ë§Œ(33ì¼)ì— ìŠ¤í¬í‹°íŒŒì´ 1ì–µ ìŠ¤íŠ¸ë¦¬ë°ì„ ëŒíŒŒí–ˆìœ¼ë©°, í•´ì™¸ ì—¬ì„± ì•„í‹°ìŠ¤íŠ¸ë¡œëŠ” ê°€ì¥ ë¹ ë¥¸ ì†ë„ë¡œ ì¼ë³¸ ì˜¤ë¦¬ì½˜ ëˆ„ì  ìŠ¤íŠ¸ë¦¬ë° 1ì–µ íšŒë¥¼ ë„˜ì–´ì„œê¸°ë„ í–ˆë‹¤. [ì‚¬ì§„ ì¶œì²˜ : ì—°í•©ë‰´ìŠ¤] â–  ì œë³´í•˜ê¸° â–· ì¹´ì¹´ì˜¤í†¡ : 'KBSì œë³´' ê²€ìƒ‰, ì±„ë„ ì¶”ê°€ â–· ì „í™” : 02-781-1234, 4444 â–· ì´ë©”ì¼ : kbs1234@kbs.co.kr â–· ìœ íŠœë¸Œ, ë„¤ì´ë²„, ì¹´ì¹´ì˜¤ì—ì„œë„ KBSë‰´ìŠ¤ë¥¼ êµ¬ë…í•´ì£¼ì„¸ìš”! ê¸°ì ì •ë³´ ëŒ“ê¸€ ì¢‹ì•„ìš” ê³µìœ í•˜ê¸°;ì†Œì†ì‚¬ ì–´ë„ì–´ëŠ” 'OMG'ì— ì´ì–´ ê·¸ë£¹ í†µì‚° ë‘ ë²ˆì§¸ 4ì–µ ìŠ¤íŠ¸ë¦¬ë° ê³¡ì´ ëœ ë‰´ì§„ìŠ¤ì˜ 'ë””í† 'ê°€ ìŒì› ê³µê°œ í›„ 218ì¼ ë§Œì˜ ê¸°ë¡ìœ¼ë¡œ ì„¸ê³„ ìµœëŒ€ ìŒì› ìŠ¤íŠ¸ë¦¬ë° í”Œë«í¼ ìŠ¤í¬í‹°íŒŒì´ì—ì„œ 4ì–µ ìŠ¤íŠ¸ë¦¬ë°ì„ ëŒíŒŒí–ˆë‹¤ê³  ë°í˜”ë‹¤.
NewJeans Are Headed For The Best Anniversary Present Ever - Forbes;https://news.google.com/rss/articles/CBMib2h0dHBzOi8vd3d3LmZvcmJlcy5jb20vc2l0ZXMvaHVnaG1jaW50eXJlLzIwMjMvMDcvMjYvbmV3amVhbnMtYXJlLWhlYWRlZC1mb3ItdGhlLWJlc3QtYW5uaXZlcnNhcnktcHJlc2VudC1ldmVyL9IBc2h0dHBzOi8vd3d3LmZvcmJlcy5jb20vc2l0ZXMvaHVnaG1jaW50eXJlLzIwMjMvMDcvMjYvbmV3amVhbnMtYXJlLWhlYWRlZC1mb3ItdGhlLWJlc3QtYW5uaXZlcnNhcnktcHJlc2VudC1ldmVyL2FtcC8?oc=5;2023-07-26 22:00:16;1;True;https://www.forbes.com/sites/hughmcintyre/2023/07/26/newjeans-are-headed-for-the-best-anniversary-present-ever/;;Share to Facebook Share to Twitter Share to Linkedin TOKYO, JAPAN - APRIL 06:  (L-R) HYEIN, HAERIN, HANNI, MINJI and DANIELLE of K-pop group NewJeans ... [+] attend the photocall for MUSINSA Pop-up Store Opening Ceremony on April 6, 2023 in Tokyo, Japan.  (Photo by Jun Sato/WireImage) WireImage South Korean girl group NewJeans is on the brink of celebrating their first year in the music industry, and it seems like a spectacular present is in store for this milestone. The band's new EP, Get Up , is generating immense buzz and is predicted to achieve a remarkable featâ€”claiming the coveted No. 1 spot on the Billboard 200. The Billboard 200 chart ranks the most-consumed albums and EPs in the U.S. on a weekly basis, and NewJeans' Get Up is expected to make a grand entrance. Music industry publication HitsDailyDouble forecasts that the EP is likely to debut atop the Billboard 200 with an impressive 130,000 equivalent units, with a substantial portion of those being pure purchasesâ€”perhaps exceeding 100,000 units. Although NewJeans faces competition from the recently released Barbie soundtrack, which is projected to open in second, the closeness of the race remains to be seen. MORE FROM FORBES NewJeans Beats One Of Blackpink's Most Impressive Records By Hugh McIntyre Get Up is poised to mark not only NewJeans' first No. 1 on the Billboard 200 but also their first top 10 win. This achievement is remarkable considering that the group has not yet made an appearance on the chart before. The lead single from the EP, â€œSuper Shy,â€ has already made its debut on the Hot 100 chart, entering at No. 64 this week. With the full collection set to make its mark on various Billboard charts, it is highly likely that other tracks from the project will follow suit and find their place among the most-consumed songs in the country. MORE FOR YOU The Best Places To Buy Engagement Rings That Truly Shine Billboard is expected to announce the EP's chart-topping success just a day or so before the one-year anniversary of NewJeans's entrance into the music industry. The group made their debut with an EP titled New Jeans on August 1, 2022. Their single album, titled OMG , released earlier in 2023, produced more hits. MORE FROM FORBES BTS's Jung Kook Ties NewJeans With His Latest Global Smash Single By Hugh McIntyre;South Korean girl group NewJeans is on the brink of celebrating their first year in the music industry. The group is set to celebrate their first anniversary in Japan with a pop-up store opening ceremony in Tokyo. The event will take place on April 6, 2023 in Tokyo, Japan.
Ready for Lollapalooza 2023? Hereâ€™s How to Watch NewJeans, TOMORROW X TOGETHER & More Live - Billboard;https://news.google.com/rss/articles/CBMib2h0dHBzOi8vd3d3LmJpbGxib2FyZC5jb20vc2hvcC9sb2xsYXBhbG9vemEtMjAyMy13YXRjaC1saXZlc3RyZWFtLWh1bHUtbmV3amVhbnMtdG9tb3Jyb3cteC10b2dldGhlci0xMjM1Mzc5NTE1L9IBc2h0dHBzOi8vd3d3LmJpbGxib2FyZC5jb20vc2hvcC9sb2xsYXBhbG9vemEtMjAyMy13YXRjaC1saXZlc3RyZWFtLWh1bHUtbmV3amVhbnMtdG9tb3Jyb3cteC10b2dldGhlci0xMjM1Mzc5NTE1L2FtcC8?oc=5;2023-07-26 21:59:51;1;True;https://www.billboard.com/shop/lollapalooza-2023-watch-livestream-hulu-newjeans-tomorrow-x-together-1235379515/;https://www.billboard.com/wp-content/themes/vip/pmc-billboard-2021/assets/public/lazyload-fallback.gif;All products and services featured are independently chosen by editors. However, Billboard may receive a commission on orders placed through its retail links, and the retailer may receive certain auditable data for accounting purposes. K-pop is taking over Lollapalooza ! NewJeans and TOMORROW X TOGETHER are set to perform at the Chicago music festival next week, which will stream live on Hulu . Lollapalooza returns to Grant Park from Aug. 3-6, with a star-studded lineup , also featuring Billie Eilish, Kendrick Lamar, Karol G, Lana Del Rey, Odesza, Red Hot Chili Peppers and more. Related Billie Eilish, Kendrick Lamar, Red Hot Chili Peppers, Odesza to Headline 2023Â Lollapalooza 07/26/2023 Read on for additional details on when and how to stream sets from all the artists performing at Lollapalooza 2023. How to Watch Lollapalooza on Hulu NewJeans will become the first K-pop girl group to take the stage at Lollapalooza in Chicago. Want to stream the set for free? Thereâ€™s only one way for fans outside Chicago to witness history. You can stream Lollapalooza sets live on Hulu from Thursday, Aug. 3, until Sunday, Aug. 6. NewJeans are scheduled to perform Aug. 3 at 5 p.m. CT (6 p.m. ET, 3 p.m. PT, and 7 a.m. KST on Aug. 4). Headliners for Thursday and Friday include Eilish, Karol G, Lamar and The 1975. According to the official Lollapalooza set list , TOMORROW X TOGETHER takes the stage on Saturday, Aug. 5, at 8:30 p.m. CT (9:30 p.m. ET, 6:30 p.m. PT and 10:30 a.m. KST on Aug. 6). Ready to join Hulu? First, youâ€™ll need to pick your plan to launch your free trial. Hulu streaming plans start at $7.99/month after a 30-day free trial . Hulu $7.99/month after 30-day free trial Buy Now 1 Huluâ€™s most popular plan is the ad-supported subscription, which gives you unlimited access to thousands of shows, movies and music festivals for $7.99 per month or $79.99 for an annual plan . Upgrade to Huluâ€™s ad-free plan for $14.99 a month. Besides streaming without ads, Huluâ€™s commercial-free plan lets you download titles and watch them offline. Hulu also offers a student discount, which cuts the price down to just $1.99/month for eligible college students. And you can stream Hulu from anywhere â€” on a TV, smart phone, computer and other compatible streaming devices. Want more ways to save? Bundling Disney+ with Hulu and ESPN+ can save you up 48% on your streaming bill. Bundles start at $9.99/month for the ad-supported Disney Bundle Duo Basic with Hulu and Disney+. The Disney+ Bundle Trio Basic is $12.99/month to stream Disney+, Hulu and ESPN+ with ads and $19.99/month for the Disney Bundle Trio Premium ad-free plan. You can also add Disney+ to your Hulu subscription for $2.99/month and channels such as Max and Starz for an additional fee. Add live television to your streaming plan with Hulu + Live TV. Plans start at $69.99 a month to stream Hulu, plus 75+ live channels including cable and local channels. Who else is performing at Lollapalooza? The lineup includes Carly Rae Jepsen, Tems, Diplo, Thirty Seconds to Mars, Lainey Wilson, Morgan Wade, Suki Waterhouse, Lil Yachty, Sabrina Carpenter, Afrojack, Yung Gravy, Joey Bada$$, Pusha T, Fred Againâ€¦, Noah Kahan, A Boogie Wit Da Hoodie, Joy Oladokun, J.I.D., The Knocks, Maggie Rogers, Rina Sawayama, Junior Messa, Loveless and dozens of other artists. What else can you stream on Hulu? The Kardashians , The Bear , White Men Canâ€™t Jump and Flaminâ€™ Hot are some of the Hulu exclusives that fans are loving right now. But Hulu carries a huge variety of exclusive series and movies such as Only Murders in the Building , Futurama , Tiny Beautiful Things , How I Met Your Father, Nine Perfect Strangers , The Handmaidâ€™s Tale , Dopesick, Vacation Friends and other Hulu originals. Subscribers also have access to fan-favorite shows like The Rookie , Itâ€™s Always Sunny in Philadelphia and Love Island UK . If youâ€™re a music fan, Hulu has you covered with bingeable TV series, movies, documentaries , live concerts and festivals. Some of the music-related programs currently streaming on Hulu include Wu-Tang: An American Saga , Jelly Rolly: Save Me , Rap Caviar Presents , Aaron Carter: The Little Prince of Pop and Rap Trap: Hip-Hop on Trial . The K-Pop documentary Blackpink: The Movie is streaming on Hulu as well, along with Korean dramas such as Pink Lie , Whatâ€™s Wrong With Secretary Kim and Uncontrollably Fond . Mark you calendars: Lollapalooza 2023 kicks off Aug. 3. Click below to launch your free trial to stream the festival on Hulu ! Hulu $7.99/month after 30-day free trial Buy Now 1;NewJeans and TOMORROW X TOGETHER are set to perform at the Chicago music festival. Lollapalooza returns to Grant Park from Aug. 3-6, with a star-studded lineup. The festival will stream live on Hulu.
Multiple Threats To Kill Women At Sillim Station Surface Online ... - Koreaboo;https://news.google.com/rss/articles/CBMiZWh0dHBzOi8vd3d3LmtvcmVhYm9vLmNvbS9uZXdzL211bHRpcGxlLXRocmVhdHMta2lsbC13b21lbi1zaWxsaW0tc3RhdGlvbi1zdXJmYWNlLW9ubGluZS1wb2xpY2UtYWxlcnQv0gEA?oc=5;2023-07-26 16:38:04;1;True;https://www.koreaboo.com/news/multiple-threats-kill-women-sillim-station-surface-online-police-alert/;;On July 21, KST, Seoul witnessed a terrible tragedy as a man stabbed four strangers at the Sillim subway station in Seoul. One of the victims passed away, while the other three sustained serious injuries. Beverages and flowers left at Sillim Station to pay respects to the victim who lost his life to the stabbing | Yonhap News Later, the police arrested the perpetrator, a man in his 30s. On July 26, they revealed his identity to the public, with his name, Cho Sun, and a picture of his face disclosed. Police revealed the perpetratorâ€™s picture to the public | Yonhap News In less than a week of this incident, another threat at Sillim Station surfaced online. On July 25, around 10 pm (KST), a post was uploaded on an online forum where the writer threatened to â€œ rape and murder women near Sillim Station. â€ It was later deleted, but not before the police got notified. Upon receiving the report, the police sent a total of 11 patrol vehicles to search the area, but they found no signs of the threatened crime. The Seoul Metropolitan Police Agency is said to be still tracking the writer. This is, however, not the first online threat to surface after the stabbing rampage at Sillim Station. On Tuesday, July 25, police put a man in his 20s under emergency detention on suspicions of uploadingÂ an online post the previous day threatening to â€œ kill 20 women at Sillim Station on Wednesday. â€Â The poster used the wordÂ â€œ hannyeo,â€ which is a derogatory term used to describe Korean women in certain anti-feminist communities. The online post threatening to kill 20 Korean women | salgoonews.com The suspect had turned himself in, and officials are planning to seek an arrest warrant for him. What's Happening In Korea Korean Gaming Company Fires A Female Designer Due To Accusations Of Being A Feminist South Korea On Alert As Mysterious Postal Packages From Taiwan Turn Up All Across The Country Father Of School Violence Victim Seeks â€œRevengeâ€ On Alleged Bullies, Lands In Prison 4 People Stabbed In Random Knife Attack At Sinlim Station In Seoul, South Korea View All (206) Share This Post Facebook Twitter Next Page;A man stabbed four strangers at the Sillim subway station in Seoul. One of the victims passed away, while the other three sustained serious injuries. The police arrested the perpetrator, a man in his 30s. On July 26, they revealed his identity to the public, with his name, Cho Sun.
ë‰´ì§„ìŠ¤ 'ASAP', ê¸ˆë°œì´ ë„ˆë¬´í•´â€¦ë¯¸ë‹ˆ 2ì§‘ 'ë¹Œë³´ë“œ 200' 1ìœ„ ìœ ë ¥ - ë‰´ì‹œìŠ¤;https://news.google.com/rss/articles/CBMiQWh0dHBzOi8vbW9iaWxlLm5ld3Npcy5jb20vdmlldy5odG1sP2FyX2lkPU5JU1gyMDIzMDcyNl8wMDAyMzkxMDYz0gFFaHR0cHM6Ly9tb2JpbGUubmV3c2lzLmNvbS92aWV3X2FtcC5odG1sP2FyX2lkPU5JU1gyMDIzMDcyNl8wMDAyMzkxMDYz?oc=5;2023-07-26 02:54:16;0;True;https://mobile.newsis.com/view.html?ar_id=NISX20230726_0002391063;//image.newsis.com/2023/07/26/NISI20230726_0001325274_web.jpg?rnd=20230726114612;"[ì„œìš¸=ë‰´ì‹œìŠ¤] ë‰´ì§„ìŠ¤ 'ASAP' ë®¤ì§ë¹„ë””ì˜¤. 2023.07.26. (ì‚¬ì§„ = ì–´ë„ì–´ ì œê³µ) photo@newsis.com *ì¬íŒë§¤ ë° DB ê¸ˆì§€ [ì„œìš¸=ë‰´ì‹œìŠ¤]ì´ì¬í›ˆ ê¸°ì = ì‹ ë“œë¡¬ ê±¸ê·¸ë£¹ 'ë‰´ì§„ìŠ¤(NewJeans)'ê°€ ë¯¸ë‹ˆ 2ì§‘ 'ê²Ÿ ì—…(Get Up)' ìˆ˜ë¡ê³¡ 'ASAP' ë®¤ì§ë¹„ë””ì˜¤ë¥¼ 26ì¼ 0ì‹œ í•˜ì´ë¸Œ ë ˆì´ë¸”ì¦ˆ ìœ íŠœë¸Œ ì±„ë„ì— ê³µê°œí–ˆë‹¤. ë‰´ì§„ìŠ¤ ë‹¤ì„¯ ë©¤ë²„ë“¤ì€ ì´ë²ˆ 'ASAP' ë®¤ì§ë¹„ë””ì˜¤ì—ì„œ 'ê¸ˆë°œ ìš”ì •'ìœ¼ë¡œ ë³€ì‹ í–ˆë‹¤. ì‹ ìŠ¤ ì‚¬ìš´ë“œì™€ ë©¤ë²„ë“¤ì˜ ë‚˜ë¥¸í•œ ìŒìƒ‰ì´ ì£¼ëŠ” ëª½í™˜ì ì¸ ê³¡ ë¶„ìœ„ê¸°ì™€ ì¡°í™”ë¥¼ ì´ë£¬ë‹¤. ì†Œì†ì‚¬ ì–´ë„ì–´ëŠ” ""ì´ë“¤ì€ ë¯¸ìŠ¤í…Œë¦¬í•œ ê³µê°„ì—ì„œ ê°€ë§Œíˆ ëˆ„ì›Œìˆê±°ë‚˜ ë•Œë¡œëŠ” í•¨ê»˜ ì¶¤ì¶”ê³  ë›°ì–´ë‹¤ë‹ˆë©° ë…íŠ¹í•œ ë¶„ìœ„ê¸°ë¥¼ ì—°ì¶œí–ˆë‹¤. ê·€ì—¬ìš´ ì¼ëŸ¬ìŠ¤íŠ¸ì™€ ì• ë‹ˆë©”ì´ì…˜ íš¨ê³¼ë¥¼ ì‚¬ìš©í•´ ë…¸ë˜ì˜ ë©”ì‹œì§€ë¥¼ ì¬ë¯¸ìˆê²Œ ì „ë‹¬í•˜ëŠ” í•œí¸, ì‹œê°ì ìœ¼ë¡œ ë³´ëŠ” ì¦ê±°ì›€ì„ ë”í–ˆë‹¤""ê³  ì†Œê°œí–ˆë‹¤. ì´ë¡œì¨ ë‰´ì§„ìŠ¤ëŠ” ì´ë²ˆ ë¯¸ë‹ˆ 2ì§‘ì— ë‹´ê¸´ 6ê³¡ì˜ ë®¤ì§ë¹„ë””ì˜¤ë¥¼ ëª¨ë‘ ì„ ë³´ì˜€ë‹¤. ì–´ë„ì–´ì™€ ì œì‘ìì¸ ë¯¼í¬ì§„ ì´ê´„ í”„ë¡œë“€ì„œëŠ” ì´ë²ˆ ë‰´ì§„ìŠ¤ 'ê²Ÿ ì—…' ìˆ˜ë¡ê³¡ ë®¤ì§ë¹„ë””ì˜¤ë“¤ë„ ì—­ëŸ‰ì„ ë‹¤ì‹œ í™•ì¸ë°›ê³  ìˆë‹¤. ì• í”Œ('ETA'), íŒŒì›Œí¼í”„ ê±¸('ë‰´ ì§„ìŠ¤(New Jeans)') ë“± ê¸€ë¡œë²Œ ë¸Œëœë“œì™€ í˜‘ì—…ì„ ë¹„ë¡¯í•´ ëŸ‰ì°¨ì˜¤ì›¨ì´(ì–‘ì¡°ìœ„), ì •í˜¸ì—° ë°°ìš°ì˜ ì¶œì—°('ì¿¨ ìœ„ë“œ ìœ (Cool With You)') ë“±ì´ í™”ì œê°€ ëë‹¤. ë®¤ì§ë¹„ë””ì˜¤ ì—°ì¶œ ë°©ì‹ë„ ë‹¤ì–‘í–ˆë‹¤. ë°°ìš°ë“¤ì´ ì¶œì—°í•œ ë“œë¼ë§ˆíƒ€ì´ì¦ˆ í˜•ì‹('ì¿¨ ìœ„ë“œ ìœ ' & 'ê²Ÿ ì—…')ë¶€í„° ì• ë‹ˆë©”ì´ì…˜('ë‰´ ì§„ìŠ¤'), ì¼ëŸ¬ìŠ¤íŠ¸('ASAP')ë¥¼ í™œìš©í•œ ë°©ì‹, í”Œë˜ì‹œëª¹ í¼í¬ë¨¼ìŠ¤ì— ì§‘ì¤‘í•œ ë®¤ì§ë¹„ë””ì˜¤('ìŠˆí¼ ìƒ¤ì´')ê¹Œì§€ ê°ì–‘ê°ìƒ‰ì˜ ë®¤ì§ë¹„ë””ì˜¤ëŠ” ê³µê°œ ì§í›„ íŠ¸ìœ„í„° ì‹¤ì‹œê°„ íŠ¸ë Œë“œ ì§„ì… ë° ìœ íŠœë¸Œ íŠ¸ë Œë”© ì›”ë“œì™€ì´ë“œ 1ìœ„ë¥¼ ì°ì—ˆë‹¤. 'ì¢‹ì€ ìŒì•…'ì´ë¼ëŠ” ë³¸ì§ˆì  ìš”ì†Œë¡œ ë®¤ì§ë¹„ë””ì˜¤ì™€ í¼í¬ë¨¼ìŠ¤ ì™„ì„±ë„ê¹Œì§€ ë†’ì˜€ë‹¤ëŠ” í‰ì„ ë°›ëŠ” ë‰´ì§„ìŠ¤ 'ê²Ÿì—…'ì€ ë¯¸êµ­ 8ì›”5ì¼ ì ë¯¸êµ­ ë¹Œë³´ë“œ ë©”ì¸ ì•¨ë²”ì°¨íŠ¸ 'ë¹Œë³´ë“œ 200'ì—ì„œ 1ìœ„ë¥¼ ì°¨ì§€í•  ê²ƒìœ¼ë¡œ ì˜ˆìƒëœë‹¤. ë§Œì•½ 'ë¹Œë³´ë“œ 200' ì •ìƒì— ì˜¤ë¥´ê²Œ ë˜ë©´ KíŒ ê±¸ê·¸ë£¹ ì¤‘ì—ì„  'ë¸”ë™í•‘í¬' ì´í›„ ë‘ ë²ˆì§¸ë‹¤. 25ì¼ ë¹Œë³´ë“œê°€ ë°œí‘œí•œ ìµœì‹  ì°¨íŠ¸(7ì›” 29ì¼ ì)ì— ë”°ë¥´ë©´, ë‰´ì§„ìŠ¤ 'ê²Ÿ ì—…' íŠ¸ë¦¬í”Œ íƒ€ì´í‹€ê³¡ ì¤‘ í•˜ë‚˜ì¸ 'ìŠˆí¼ ìƒ¤ì´'ëŠ” ë©”ì¸ ì‹±ê¸€ì°¨íŠ¸ 'í•« 100'ì—ì„œ 64ìœ„ë¥¼ ì°¨ì§€í–ˆë‹¤. ì „ì£¼ ëŒ€ë¹„ 2ê³„ë‹¨ ìƒìŠ¹í•œ ìì²´ ìµœê³  ìˆœìœ„ë‹¤. â—ê³µê°ì–¸ë¡  ë‰´ì‹œìŠ¤ realpaper7@newsis.com";ë‰´ë“œë¡¬ ê±¸ê·¸ë£¹ 'ë‰´ì§„ìŠ¤(NewJeans)'ê°€ ë¯¸ë‹ˆ 2ì§‘ 'ê²Ÿ ì—…(Get Up)' ìˆ˜ë¡ê³¡ 'ASAP' ì—ì„œ ê¸ˆë°œ ìš”ì •ìœ¼ë¡œ ë³€í•œ ë‹¤ì„¯ ë©¤ë²„ë“¤ì˜ ëª¨ìŠµì´ ë‹´ê¸´ 'ê¸ˆë°œ ìš”ì •'ì˜ ë®¤ì§ë¹„ë””ì˜¤ë¥¼ 26ì¼ 0ì‹œ í•˜ì´ë¸Œ ë ˆì´ë¸”ì¦ˆ ìœ íŠœë¸Œ ì±„ë„ì— ê³µê°œí–ˆë‹¤.
ë‰´ì§„ìŠ¤, 'ASAP' ë®¤ë¹„ ê³µê°œâ€¦ ê¸ˆë°œ ìš”ì •+ëª½í™˜ì  ë¶„ìœ„ê¸° - ì•„ì‹œì•„íˆ¬ë°ì´;https://news.google.com/rss/articles/CBMiS2h0dHBzOi8vd3d3LmFzaWF0b2RheS5jby5rci92aWV3LnBocD9rZXk9MjAyMzA3MjYwMTAwMTQ5MjQmcmVmPXZpZXdfdG9wbmV3c9IBAA?oc=5;2023-07-26 02:02:50;0;True;https://www.asiatoday.co.kr/view.php?key=20230726010014924&ref=view_topnews;https://img.asiatoday.co.kr/file/2023y/07m/26d/2023072601002797700154381.jpg;ë‰´ì§„ìŠ¤ 0 ë‰´ì§„ìŠ¤/ì œê³µ=[ì–´ë„ì–´ ê·¸ë£¹ ë‰´ì§„ìŠ¤ê°€ 26ì¼ 0ì‹œ í•˜ì´ë¸Œ ë ˆì´ë¸”ì¦ˆ ìœ íŠœë¸Œ ì±„ë„ë¥¼ í†µí•´ ë¯¸ë‹ˆ 2ì§‘ 'ê²Ÿì—…'(Get Up)ì˜ ìˆ˜ë¡ê³¡ 'ASAP' ë®¤ì§ë¹„ë””ì˜¤ë¥¼ ê³µê°œí–ˆë‹¤. ê³µê°œëœ ë®¤ì§ë¹„ë””ì˜¤ì—ì„œ ë‰´ì§„ìŠ¤ëŠ” ê¸ˆë°œ ìš”ì •ìœ¼ë¡œ ë³€ì‹ í–ˆë‹¤. ì‹ ìŠ¤ ì‚¬ìš´ë“œì™€ ë‚˜ë¥¸í•œ ìŒìƒ‰ì´ ì£¼ëŠ” ëª½í™˜ì ì¸ ê³¡ ë¶„ìœ„ê¸°ì™€ ì¡°í™”ë¥¼ ì´ë£¬ë‹¤. ë‰´ì§„ìŠ¤ëŠ” ë¯¸ìŠ¤í…Œë¦¬í•œ ê³µê°„ì—ì„œ ê°€ë§Œíˆ ëˆ„ì›Œìˆê±°ë‚˜ ë•Œë¡œëŠ” í•¨ê»˜ ì¶¤ì¶”ê³  ë›°ì–´ë‹¤ë‹ˆë©° ë…íŠ¹í•œ ë¶„ìœ„ê¸°ë¥¼ ì—°ì¶œí–ˆë‹¤. ê·€ì—¬ìš´ ì¼ëŸ¬ìŠ¤íŠ¸ì™€ ì• ë‹ˆë©”ì´ì…˜ íš¨ê³¼ê°€ ë…¸ë˜ì˜ ë©”ì‹œì§€ë¥¼ ì¬ë¯¸ìˆê²Œ ì „ë‹¬í•˜ê³  ì‹œê°ì ìœ¼ë¡œ ë³´ëŠ” ì¦ê±°ì›€ì„ ë”í•œë‹¤. í•œí¸ 25ì¼(í˜„ì§€ì‹œê°„) ë¯¸êµ­ ìŒì•… ì „ë¬¸ ë§¤ì²´ ë¹Œë³´ë“œê°€ ë°œí‘œí•œ ìµœì‹  ì°¨íŠ¸(7ì›” 29ì¼ ì)ì— ë”°ë¥´ë©´ ë¯¸ë‹ˆ 2ì§‘ì˜ íŠ¸ë¦¬í”Œ íƒ€ì´í‹€ê³¡ ì¤‘ í•˜ë‚˜ì¸ 'ìŠˆí¼ ìƒ¤ì´(Super Shy)'ëŠ” 'í•« 100'ì„œ 64ìœ„ë¥¼ ì°¨ì§€í–ˆë‹¤. ì´ëŠ” ì „ì£¼ ëŒ€ë¹„ 2ê³„ë‹¨ ìƒìŠ¹í•œ ìˆœìœ„ë‹¤.;ì–´ë„ì–´ ê·¸ë£¹ ë‰´ì§„ìŠ¤ê°€ 26ì¼ 0ì‹œ í•˜ì´ë¸Œ ë ˆì´ë¸”ì¦ˆ ìœ íŠœë¸Œ ì±„ë„ë¥¼ í†µí•´ ë¯¸ë‹ˆ 2ì§‘ 'ê²Ÿì—…ì˜ ìˆ˜ë¡ê³¡ 'ASAP' ë®¤ì§ë¹„ë””ì˜¤ë¥¼ ê³µê°œ, ê³µê°œëœ ë®¤ì§ë¹„ë””ì˜¤ì—ì„œ ê¸ˆë°œ ìš”ì •ìœ¼ë¡œ ë³€ì‹ í•˜ì—¬ ì‹ ìŠ¤ ì‚¬ìš´ë“œì™€ ë‚˜ë¥¸í•œ ìŒìƒ‰ì´ ì£¼ëŠ” ëª½í™˜ì ì¸ ê³¡ ë¶„ìœ„ê¸°ì™€ ì¡°í™”ë¥¼ ì´ë£¨ë©° ì‹ ìŠ¤ ì‚¬ìš´ë“œì™€ ë‚˜ë¥¸í•œ ìŒìƒ‰ì´ ì£¼ëŠ” ëª½í™˜ì ì¸ ê³¡ ë¶„ìœ„ê¸°ì™€ ì¡°í™”ë¥¼ ì´ë£¬ë‹¤.
[ê°€ìš”ì†Œì‹] ë‰´ì§„ìŠ¤ 'ASAP' ë®¤ì§ë¹„ë””ì˜¤ ê³µê°œ - ì—°í•©ë‰´ìŠ¤;https://news.google.com/rss/articles/CBMiL2h0dHBzOi8vd3d3LnluYS5jby5rci92aWV3L0FLUjIwMjMwNzI2MDU5NTAwMDA10gExaHR0cHM6Ly9tLnluYS5jby5rci9hbXAvdmlldy9BS1IyMDIzMDcyNjA1OTUwMDAwNQ?oc=5;2023-07-26 01:26:50;0;True;https://www.yna.co.kr/view/AKR20230726059500005;//r.yna.co.kr/www/home_n/v02/img/bg_none_people01.jpg;ì„ì§€ìš° ê¸°ì ê¸°ì í˜ì´ì§€ ì—ì´í•‘í¬, í•„ë¦¬í•€ ìì„  ê³µì—°ì„œ ì™„ì „ì²´ ë¬´ëŒ€ ì´í™ê¸°, í—¤ì´ì¦ˆ 'ë¹„ë„ ì˜¤ê³  ê·¸ë˜ì„œ' ë¦¬ë©”ì´í¬ ê·¸ë£¹ ë‰´ì§„ìŠ¤ [ì–´ë„ì–´ ì œê³µ. ì¬íŒë§¤ ë° DB ê¸ˆì§€] (ì„œìš¸=ì—°í•©ë‰´ìŠ¤) ì„ì§€ìš° ê¸°ì = â–² ê¸ˆë°œ ìš”ì •ìœ¼ë¡œ ë³€ì‹ í•œ ë‰´ì§„ìŠ¤ = ê·¸ë£¹ ë‰´ì§„ìŠ¤ê°€ ë¯¸ë‹ˆ 2ì§‘ 'ê²Ÿì—…'(Get Up)ì˜ ìˆ˜ë¡ê³¡ 'ASAP' ë®¤ì§ë¹„ë””ì˜¤ë¥¼ 26ì¼ í•˜ì´ë¸Œ ë ˆì´ë¸”ì¦ˆ ìœ íŠœë¸Œ ì±„ë„ì„ í†µí•´ ê³µê°œí–ˆë‹¤ê³  ì†Œì†ì‚¬ ì–´ë„ì–´ê°€ ë°í˜”ë‹¤. ê¸ˆë°œì˜ ëª¨ìŠµìœ¼ë¡œ ë“±ì¥í•œ ë‰´ì§„ìŠ¤ ë©¤ë²„ë“¤ì€ ì‹ ìŠ¤ ì‚¬ìš´ë“œì™€ ë‚˜ë¥¸í•œ ìŒìƒ‰ì˜ ë…¸ë˜ì— ë§ì¶° ì¶¤ì¶”ë©° ëª½í™˜ì ì¸ ë¶„ìœ„ê¸°ë¥¼ ê·¸ë ¤ëƒˆë‹¤. ë‰´ì§„ìŠ¤ëŠ” 'ASAP'ë¥¼ ë§ˆì§€ë§‰ìœ¼ë¡œ ì´ë²ˆ ë¯¸ë‹ˆ 2ì§‘ì— ë‹´ê¸´ ìˆ˜ë¡ê³¡ 6ê³¡ ì „ê³¡ì˜ ë®¤ì§ë¹„ë””ì˜¤ë¥¼ ì œì‘í•´ ê³µê°œí•˜ëŠ” ì´ë¡€ì ì¸ í–‰ë³´ë¥¼ ë³´ì—¬ì£¼ê³  ìˆë‹¤. ê´‘ê³  ê·¸ë£¹ ì—ì´í•‘í¬ [ì´ˆì´í¬ë¦¬ì—ì´í‹°ë¸Œë© ì œê³µ. ì¬íŒë§¤ ë° DB ê¸ˆì§€] â–² í•„ë¦¬í•€ì— ë“±ì¥í•œ 'ì™„ì „ì²´' ì—ì´í•‘í¬ = ê·¸ë£¹ ì—ì´í•‘í¬ê°€ ì§€ë‚œ 23ì¼ í•„ë¦¬í•€ ë§ˆë‹ë¼ ìŠ¤ë§ˆíŠ¸ ì•„ë¼ë„¤íƒ€ ì½œë¦¬ì„¸ì›€ì—ì„œ ì—´ë¦° ìì„  ê³µì—° 'ë¹„ìœ  3: ë” ì›”ë“œ ìœŒ ìŠ¤ë§ˆì¼'(Be You 3: The World Will Smile)ì— ì¶œì—°í–ˆë‹¤. 5ì¸ì¡° ì™„ì „ì²´ë¡œ ë¬´ëŒ€ì— ì˜¤ë¥¸ ì—ì´í•‘í¬ëŠ” 'ë…¸ë…¸ë…¸' ë“± íˆíŠ¸ê³¡ ë¬´ëŒ€ë¥¼ ì„ ë³´ì—¬ 7ì²œì—¬ ëª…ì˜ ê´€ê°ì„ ì—´ê´‘ì‹œì¼°ë‹¤. ì´ë²ˆ ìì„  í–‰ì‚¬ì—ëŠ” ì´ë¯¼í˜, ë‚¨ìš°í˜, CIX ë“±ì´ ì°¸ì„í–ˆë‹¤. ì´í™ê¸° 'ë¹„ë„ ì˜¤ê³  ê·¸ë˜ì„œ' [ë°©êµ¬ì„ ìºìŠ¤íŒ… ì œê³µ. ì¬íŒë§¤ ë° DB ê¸ˆì§€] â–² ì´í™ê¸°ê°€ ë¶€ë¥´ëŠ” 'ë¹„ë„ ì˜¤ê³  ê·¸ë˜ì„œ' = ê°€ìˆ˜ ì´í™ê¸°ê°€ í—¤ì´ì¦ˆì˜ 'ë¹„ë„ ì˜¤ê³  ê·¸ë˜ì„œ'ë¥¼ ë¦¬ë©”ì´í¬í•œ ìŒì›ì„ 26ì¼ ì˜¤í›„ 6ì‹œ ë°œë§¤í•œë‹¤. 'ë¹„ë„ ì˜¤ê³  ê·¸ë˜ì„œ'ëŠ” 2017ë…„ ë°œë§¤ëœ í—¤ì´ì¦ˆì˜ ë¯¸ë‹ˆ ìŒë°˜ 'ë„ˆ ë¨¹êµ¬ë¦„ ë¹„'ì˜ ë”ë¸” íƒ€ì´í‹€ê³¡ìœ¼ë¡œ ë¹„ ì˜¤ëŠ” ë‚  ë“£ëŠ” ëŒ€í‘œì ì¸ 'ì¥ë§ˆì†¡'ìœ¼ë¡œ ì‚¬ë‘ë°›ì•˜ë‹¤. ë¹„ ì˜¤ëŠ” ë‚  ìƒê°ë‚œ ì˜› ì—°ì¸ê³¼ì˜ ì¶”ì–µì„ íšŒìƒí•˜ëŠ” ì• ì ˆí•œ ê³¡ì´ë‹¤. wisefool@yna.co.kr ê´€ë ¨ê¸°ì‚¬ ë‰´ì§„ìŠ¤ 'ìŠˆí¼ ìƒ¤ì´' ë¹Œë³´ë“œ ì‹±ê¸€ 64ìœ„â€¦ ë‘ ê³„ë‹¨ ìƒìŠ¹ ë‰´ì§„ìŠ¤ 'ê²Ÿ ì—…', ç¾ í”¼ì¹˜í¬í¬ í‰ì  7ì ëŒ€â€¦ì—­ëŒ€ KíŒ 2ìœ„ [ê°€ìš”ì†Œì‹] ìœ„ë²„ìŠ¤, ë‰´ì§„ìŠ¤Â·TXT ç¾ ë¡¤ë¼íŒ”ë£¨ì ë¬´ëŒ€ ìƒì¤‘ê³„ SKê·¸ë£¹ì´ í›„ì›í•œ ç¾ ë‰´ìš• 'ì½”ë¦¬ì•ˆ ì•„ì¸  ìœ„í¬' ì„±í™©ë¦¬ ëë‚˜ ë‰´ì§„ìŠ¤, ì‹ ë³´ 'ê²Ÿ ì—…' ë°œë§¤â€¦ì „ê³¡ ë©œë¡  'í†±100' ì•ˆì°©(ì¢…í•©) ì œë³´ëŠ” ì¹´ì¹´ì˜¤í†¡ okjebo <ì €ì‘ê¶Œì(c) ì—°í•©ë‰´ìŠ¤, ë¬´ë‹¨ ì „ì¬-ì¬ë°°í¬ ê¸ˆì§€> 2023/07/26 10:26 ì†¡ê³ ;ê¸ˆë°œ ìš”ì •ìœ¼ë¡œ ë³€ì‹ í•œ ë‰´ì§„ìŠ¤ = ê·¸ë£¹ ë‰´ì§„ìŠ¤ê°€ ë¯¸ë‹ˆ 2ì§‘ 'ê²Ÿì—…'(Get Up)ì˜ ìˆ˜ë¡ê³¡ 'ASAP' ë®¤ì§ë¹„ë””ì˜¤ë¥¼ 26ì¼ í•˜ì´ë¸Œ ë ˆì´ë¸”ì¦ˆ ìœ íŠœë¸Œ ì±„ë„ì„ í†µí•´ ê³µê°œí–ˆë‹¤ê³  ì†Œì†ì‚¬ ì–´ë„ì–´ê°€ ë°í˜”ìœ¼ë©° ë‰´ì§„ìŠ¤ëŠ” 'ASAP'ë¥¼ ë§ˆì§€ë§‰ìœ¼ë¡œ ì´ë²ˆ ë¯¸ë‹ˆ 2ì§‘ì— ë‹´ê¸´ ìˆ˜ë¡ê³¡ 6ê³¡ ì „ê³¡ì˜ ë®¤ì§ë¹„ë””ì˜¤ë¥¼ ì œì‘í•´ ê³µê°œí•˜ëŠ” ì´ë¡€ì ì¸ í–‰ë³´ë¥¼ ë³´ì—¬ì£¼ê³  ìˆë‹¤.
TOP 20: NEWJEANS PULL UP - HITS Daily Double;https://news.google.com/rss/articles/CBMiSWh0dHBzOi8vaGl0c2RhaWx5ZG91YmxlLmNvbS9uZXdzJmlkPTMzNjkxMiZ0aXRsZT1UT1AtMjA6LU5FV0pFQU5TLVBVTEwtVVDSAQA?oc=5;2023-07-25 13:00:32;1;True;https://hitsdailydouble.com/news&id=336912&title=TOP-20:-NEWJEANS-PULL-UP;https://memberdata.s3.amazonaws.com/hi/hitsdd/photos/hitsdd_photo_gal__photo_946150726.png;NewJeans â€™ 2nd EP â€˜Get Upâ€™ ( ADOR / Hybe / Geffen ) pulls ahead and will land in the #1 spot. Meanwhile, Barbie The Album ( Atlantic ) is on track to debut at #2 and Lava / Republic â€™s Greta Van Fleet looks to open in the Top 10 with Starcatcher . Now if youâ€™ll excuse us, itâ€™s time for happy hour (from the comfort of our air-conditioned living room, of course).;NewJeans â€™ 2nd EP â€˜Get Upâ€™ ( ADOR / Hybe / Geffen ) pulls ahead and will land in the #1 spot. Barbie The Album ( Atlantic ) is on track to debut at #2 and Lava / Republic â€™s Greta Van Fleet looks to open in the Top 10 with Starcatcher.
NHíˆ¬ì â€œë‰´ì§„ìŠ¤ ë¹Œë³´ë“œ í•«100 ì°¨íŠ¸ 66ìœ„, í•˜ì´ë¸Œ í•˜ë°˜ê¸° ìœ„ë²„ìŠ¤ ìˆ˜ìµí™”â€ - ë¹„ì¦ˆë‹ˆìŠ¤í¬ìŠ¤íŠ¸;https://news.google.com/rss/articles/CBMiQWh0dHBzOi8vd3d3LmJ1c2luZXNzcG9zdC5jby5rci9CUD9jb21tYW5kPWFydGljbGVfdmlldyZudW09MzIxNjIz0gEA?oc=5;2023-07-18 23:50:45;0;True;https://www.businesspost.co.kr/BP?command=article_view&num=321623;https://www.businesspost.co.kr/news/photo/202307/20230719084805_45801.jpg;[ë¹„ì¦ˆë‹ˆìŠ¤í¬ìŠ¤íŠ¸]Â í•˜ì´ë¸Œ ì£¼ì‹ ë§¤ìˆ˜ì˜ê²¬ì´ ìœ ì§€ëë‹¤. ê±¸ê·¸ë£¹ ë‰´ì§„ìŠ¤ê°€ ì‹ ê³¡ìœ¼ë¡œ ë¹Œë³´ë“œ í•«100 ì°¨íŠ¸ì—ì„œ 66ìœ„ì— ì´ë¦„ì„ ì˜¬ë ¤ ìì²´ ìµœê³ ìˆœìœ„ë¥¼ ê¸°ë¡í–ˆë‹¤. í•˜ì´ë¸Œ ì†Œì† ì—¬ëŸ¬ ì•„í‹°ìŠ¤íŠ¸ê°€ í•˜ë°˜ê¸° ì‹ ê·œì•¨ë²” ë°œë§¤ì™€ ì›”ë“œíˆ¬ì–´ë¥¼ ê³„íší•˜ê³  ìˆë‹¤. â–² í•˜ì´ë¸Œì˜ ê±¸ê·¸ë£¹ ë‰´ì§„ìŠ¤ì˜ ì‹ ê³¡ 'ìŠˆí¼ ìƒ¤ì´'ê°€ ë¹Œë³´ë“œ í•«100ì— 66ìœ„ë¡œ ì…ì„±í–ˆê³  BTS ì •êµ­ì˜ ì†”ë¡œê³¡ë„ ì§„ì…ì´ ì˜ˆìƒëë‹¤. ì‚¬ì§„ì€ ë‰´ì§„ìŠ¤. <í•˜ì´ë¸Œ> ì´í™”ì • NHíˆ¬ìì¦ê¶Œ ì—°êµ¬ì›ì€ 19ì¼ í•˜ì´ë¸Œ ëª©í‘œì£¼ê°€ 37ë§Œ ì›, íˆ¬ìì˜ê²¬ ë§¤ìˆ˜(BUY)ë¥¼ ê°ê° ìœ ì§€í–ˆë‹¤. 18ì¼ í•˜ì´ë¸Œ ì£¼ì‹ì€ 26ë§Œ4500ì›ì— ê±°ë˜ë¥¼ ë§ˆê°í–ˆë‹¤. ì´ ì—°êµ¬ì›ì€ â€œë‰´ì§„ìŠ¤ì˜ â€˜ìŠˆí¼ ìƒ¤ì´â€™ê°€ ë°œë§¤ ì²« ì£¼ ë¹Œë³´ë“œ í•«100ì— 66ìœ„ë¡œ ì§„ì…í–ˆê³  ì •êµ­ì˜ â€˜ì„¸ë¸â€™ì€ 3ìœ„ê°€ ì˜ˆìƒëœë‹¤â€ê³  ë§í–ˆë‹¤. ì´ ì—°êµ¬ì›ì€ â€œê¸€ë¡œë²Œ íŒ¬ë¤ í™•ëŒ€ë¡œ ë¼ì¸ì—… ì „ë°˜ì˜ ìŒë°˜ íŒë§¤ëŸ‰ ë° ê³µì—° ëª¨ê°ìˆ˜ì˜ ê³ ì„±ì¥ì„¸ê°€ ë‘ë“œëŸ¬ì§€ë©° ê·œëª¨ì˜ ê²½ì œê°€ ë³¸ê²©í™” ë˜ê³  ìˆë‹¤â€ê³  ë§ë¶™ì˜€ë‹¤. í•˜ë°˜ê¸°ì—ëŠ” í•˜ì´ë¸Œì˜ íŒ¬í”Œë«í¼ ìœ„ë²„ìŠ¤ì˜ ìˆ˜ìµí™”ê°€ ë³¸ê²©ì ìœ¼ë¡œ ì‹œì‘ë  ê²ƒìœ¼ë¡œ ì „ë§ëë‹¤. ì´ ì—°êµ¬ì›ì€ â€œ9ì›” SM ì•„í‹°ìŠ¤íŠ¸ê°€ ìœ„ë²„ìŠ¤ ì…ì í•˜ë©´ ì›”ê°„í™œì„±ì´ìš©ììˆ˜ì˜ í° ì„±ì¥ì„¸ê°€ ë‚˜íƒ€ë‚  ê²ƒì´ë‹¤â€ë©° â€œí•˜ë°˜ê¸° ì›”êµ¬ë… ì„œë¹„ìŠ¤ ë° ê´‘ê³  ì‚½ì…ì„ ì‹œì‘ìœ¼ë¡œ ë³¸ê²©ì ì¸ ìˆ˜ìµí™”ë„ ê¸°ëŒ€ëœë‹¤â€ê³  ë‚´ë‹¤ë´¤ë‹¤. í•˜ì´ë¸ŒëŠ” 2023ë…„ 2ë¶„ê¸° ì—°ê²°ê¸°ì¤€ìœ¼ë¡œ ë§¤ì¶œ 5812ì–µ ì›, ì˜ì—…ì´ìµ 722ì–µ ì›ì„ ê±°ë‘” ê²ƒìœ¼ë¡œ ì¶”ì •ëë‹¤. ì§€ë‚œí•´ 2ë¶„ê¸°ë³´ë‹¤ ë§¤ì¶œì€ 13% ì¦ê°€í•˜ê³  ì˜ì—…ì´ìµì€ 18% ê°ì†Œí•˜ëŠ” ê²ƒì´ë‹¤. ì´ ì—°êµ¬ì›ì€ â€œ3ë¶„ê¸° ë‰´ì§„ìŠ¤, ë³´ì´ë„¥ìŠ¤íŠ¸ë„ì–´, ë·”ì— ì´ì–´ 4ë¶„ê¸° TXT, ì„¸ë¸í‹´, ì •êµ­ ë“± ê¾¸ì¤€í•œ ì‹ ë³´ ë°œë§¤ì™€ ì›”ë“œíˆ¬ì–´ í¥í–‰íš¨ê³¼ë¡œ í˜¸ì‹¤ì ì´ ì´ì–´ì§ˆ ê²ƒì´ë‹¤â€ê³  ì „ë§í–ˆë‹¤. ì„ë¯¼ê·œ ê¸°ì;í•˜ì´ë¸Œ ì†Œì† ì—¬ëŸ¬ ì•„í‹°ìŠ¤íŠ¸ê°€ í•˜ë°˜ê¸° ì‹ ê·œì•¨ë²” ë°œë§¤ì™€ ì›”ë“œíˆ¬ì–´ë¥¼ ê³„íší•˜ê³  ìˆëŠ” ê°€ìš´ë° ê±¸ê·¸ë£¹ ë‰´ì§„ìŠ¤ê°€ ì‹ ê³¡ìœ¼ë¡œ ë¹Œë³´ë“œ í•«100 ì°¨íŠ¸ì—ì„œ 66ìœ„ì— ì´ë¦„ì„ ì˜¬ë ¤ ìì²´ ìµœê³ ìˆœìœ„ë¥¼ ê¸°ë¡í•˜ê³  BTS ì •êµ­ì˜ ì†”ë¡œê³¡ë„ ì§„ì…ì´ ì˜ˆìƒë˜ì–´ í•˜ì´ë¸Œ ì£¼ì‹ ë§¤ìˆ˜ì˜ê²¬ì´ ìœ ì§€ëë‹¤.
â€œLooks like another banger!â€: Fans positively react to NewJeansâ€™ unveiling new song ETA at fan meet - Sportskeeda;https://news.google.com/rss/articles/CBMihQFodHRwczovL3d3dy5zcG9ydHNrZWVkYS5jb20vcG9wLWN1bHR1cmUvbmV3cy1sb29rcy1saWtlLWFub3RoZXItYmFuZ2VyLWZhbnMtcG9zaXRpdmVseS1yZWFjdC1uZXdqZWFucy11bnZlaWxpbmctbmV3LXNvbmctZXRhLWZhbi1tZWV00gGJAWh0dHBzOi8vd3d3LnNwb3J0c2tlZWRhLmNvbS9hbXAvcG9wLWN1bHR1cmUvbmV3cy1sb29rcy1saWtlLWFub3RoZXItYmFuZ2VyLWZhbnMtcG9zaXRpdmVseS1yZWFjdC1uZXdqZWFucy11bnZlaWxpbmctbmV3LXNvbmctZXRhLWZhbi1tZWV0?oc=5;2023-07-02 07:00:00;1;True;https://www.sportskeeda.com/pop-culture/news-looks-like-another-banger-fans-positively-react-newjeans-unveiling-new-song-eta-fan-meet;https://pbs.twimg.com/profile_images/1613819551569022981/bQCZHeXy_normal.jpg;On July 1, 2023, NewJeans surprised fans by performing their new song, ETA, at the Bunnies Camp fan meeting in Seoul. The song is one of the six tracks in the groupâ€™s upcoming album, Get Up , which is set for release at the end of the month. The songâ€™s choreography, fun beats, and groovy point dance spread across Twitter as fans positively reacted to the surprise reveal. As K-popâ€™s super rookies, the five-member group had high expectations set across the world when they announced their first comeback of 2023 with their second EP, Get Up . The K-pop world geared up to witness NewJeans possibly break more records, especially after it was announced that a track from Get Up will be an official collaboration with THE POWERPUFF GIRLS . Topy Dajay @topyxyz Looks like another banger! #NewJeans twitter.com/NewJeansGlobalâ€¦ NEWJEANS GLOBAL @NewJeansGlobal [ #UPDATE ] 230701 - NewJeans performing ETA (estimated time of arrival) from their 2nd EP â€˜Get upâ€™! NEWJEANS BUNNIES CAMP #Bunnies_Camp_Day1 2 2943 As per the groupâ€™s previous announcement, the Ditto singers were going to pre-release two other tracks, New Jeans and Super Shy , on July 7. However, ADORâ€™s decision to surprise fans with another song reveal at the first in-person fan meeting was celebrated by many. NewJeans unveil new song ETA from the upcoming album, fans already in love with it tofuâ·ğŸ¥¢ @kaszalotx_x nwjns never disappoints twitter.com/newjeansglobalâ€¦ NEWJEANS GLOBAL @NewJeansGlobal [ #UPDATE ] 230701 - NewJeans performing ETA (estimated time of arrival) from their 2nd EP â€˜Get upâ€™! NEWJEANS BUNNIES CAMP #Bunnies_Camp_Day1 6 1 Five-member rookie girl group NewJeans took the K-pop industry by storm when they debuted in July last year with their self-titled debut album. The Ditto singers broke multiple historical records, overtook veteran idols in terms of music chart rankings, and dominated the global music industry through TikTok and Billboard as well. Fans geared up with high expectations for NewJeansâ€™ second comeback with EP Get Up . They seemed satisfied as the group performed their new track, ETA , in a surprise move at their first in-person fan-meeting titled Bunnies Camp on Saturday. The five-member group once again showcased their talent and the catchy dance moves. The chorus for ETA especially had fans gushing over the song, some even mentioning how addictive it was. Moreover, some fans commented on NewJeansâ€™ outfits, saying that they appreciated that their fashion was more suited for young people their age instead of giving in to the male gaze. All in all, the majority of the fans had a positive reaction to ETA . | GET UP ğŸ‘– ğŸ”œ âœ¨ | Miuumiuu ~ğŸ‡ğŸŒ± @Nwjns_MiuumiuuT Nah theyâ€™re sick for this, itâ€™s worse than dÃ©but era, we gonna have to wait 3 whole weeks before it drops on streaming platforms !!! I am sick twitter.com/newjeansglobalâ€¦ NEWJEANS GLOBAL @NewJeansGlobal [ #UPDATE ] 230701 - NewJeans performing ETA (estimated time of arrival) from their 2nd EP â€˜Get upâ€™! NEWJEANS BUNNIES CAMP #Bunnies_Camp_Day1 6 1 Erinâ· ğŸ’œ @seesawenthooz One thing I really appreciate about nwjns that sets them apart from a lot of ggs is that they are styled to appeal to girls their age, not to the heterosexual male gaze twitter.com/NewJeansGlobalâ€¦ NEWJEANS GLOBAL @NewJeansGlobal [ #UPDATE ] 230701 - NewJeans performing ETA (estimated time of arrival) from their 2nd EP â€˜Get upâ€™! NEWJEANS BUNNIES CAMP #Bunnies_Camp_Day1 13 2943 ness @jaehvcz they literally dont have a single skipâ€¦ twitter.com/newjiram/statuâ€¦ nil @newjiram ETA BY NEWJEANS PERFORMED FOR THE FIRST TIME AT BUNNIES CAMP 2543 482 tay ğŸ¸ ga bisa ngetwt @bbillkinin WHATS YOUR ETA, WHATS YOUR ETA twitter.com/newjiram/statuâ€¦ nil @newjiram ETA BY NEWJEANS PERFORMED FOR THE FIRST TIME AT BUNNIES CAMP 2543 482 â˜…âµ theo day | do it like that @voidzsn DAWG IM OBSESSED???????.??.?.?.? twitter.com/newjiram/statuâ€¦ nil @newjiram ETA BY NEWJEANS PERFORMED FOR THE FIRST TIME AT BUNNIES CAMP 2542 482 GET UP ê”« @likesnwjns â€œWHATâ€™S YOUR ETA WHATâ€™S YOUR ETAâ€ NEWJEANS YOU NEVER MISS WE LOVE YOU #Bunnies_Camp_Day1 https://t.co/hNKim8sPMM twitter.com/newjeans_loop/â€¦ NewJeans Loops ğŸ‡ @newjeans_loop ETA (Estimated Time of Arrival) #Bunnies_Camp_Day1 #ë‰´ì§„ìŠ¤ #NewJeans 45 5 kitty @MOJlHYE it just sunk in that i have to wait 20 more days to listen to the studio version https://t.co/LJTnCrdP33 twitter.com/newjeans_loop/â€¦ NewJeans Loops ğŸ‡ @newjeans_loop ETA (Estimated Time of Arrival) #Bunnies_Camp_Day1 #ë‰´ì§„ìŠ¤ #NewJeans 4 3 ğŸ§šğŸ¼â€â™€ï¸ get up! SEVEN is coming @nwjnsbts 50k likes despite twitter going down due to rate limits.. newjeans you will always be famous ğŸ¤­ twitter.com/newjeans_loop/â€¦ NewJeans Loops ğŸ‡ @newjeans_loop ETA (Estimated Time of Arrival) #Bunnies_Camp_Day1 #ë‰´ì§„ìŠ¤ #NewJeans 10 2 After ETA gained a positive reception, many are now certain that Get Up itself will be a good album, which will be released on July 21. The former is the official collaboration with THE POWERPUFF GIRLS for Warner Bros.â€™ celebration of their 25th anniversary. Get Up will consist of six tracks - New Jeans, Cool With You, Super Shy, ETA, ASAP, and Get Up . In other news, NewJeans have cemented their popularity as super rookies thanks to incredible music chart rankings, several luxury brand ambassadorships , and more. The five-member group has recently collaborated with Coca-Cola, McDonaldâ€™s, Disney+ for The Little Mermaid , and many other brands, quickly writing new history for the global recognition of any rookie K-pop group. Quick Links K-Pop News Entertainment More from Sportskeeda Edited by Priya Majumdar Ã— Feedback Thank You! Be the first one to comment Follow Us Share Show More Comments;NewJeans surprised fans by performing their new song, ETA, at the Bunnies Camp fan meeting in Seoul on July 1, 2023. The song is one of the six tracks in the groupâ€™s upcoming album, Get Up, which is set for release at the end of the month.
